{
	"type": "minecraft:mul",
	"argument1": "tectonic:__constants/lava_tunnels",
	"argument2": {
		"type": "minecraft:min",
		"argument1": 0,
		"argument2": {
			"type": "minecraft:add",
			"argument1": {
				"type": "minecraft:square",
				"argument": {
					"type": "minecraft:max",
					"argument1": {
						"type": "minecraft:y_clamped_gradient",
						"from_y": -60,
						"to_y": -54,
						"from_value": 1,
						"to_value": 0
					},
					"argument2": {
						"type": "minecraft:y_clamped_gradient",
						"from_y": -54,
						"to_y": 0,
						"from_value": 0,
						"to_value": 2
					}
				}
			},
			"argument2": "tectonic:lava_tunnel/ridges"
		}
	}
}