{
  "type": "minecraft:random_patch",
  "config": {
    "tries": 8,
    "xz_spread": 5,
    "y_spread": 4,
    "feature": {
      "feature": {
        "type": "minecraft:block_column",
        "config": {
          "direction": "down",
          "allowed_placement": {
            "type": "minecraft:matching_blocks",
            "blocks": "minecraft:air"
          },
          "prioritize_tip": true,
          "layers": [
            {
              "height": {
                "type": "minecraft:uniform",
                "min_inclusive": 2,
                "max_inclusive": 8,
                "value": {
                  "min_inclusive": 2,
                  "max_inclusive": 8
                }
              },
              "provider": {
                "type": "minecraft:simple_state_provider",
                "state": {
                  "Name": "minecraft:iron_chain",
                  "Properties": {
                    "axis": "y",
                    "waterlogged": "false"
                  }
                }
              }
            },
            {
              "height": 1,
              "provider": {
                "type": "minecraft:simple_state_provider",
                "state": {
                  "Name": "minecraft:lantern",
                  "Properties": {
                    "hanging": "true",
                    "waterlogged": "false"
                  }
                }
              }
            }
          ]
        }
      },
      "placement": [
        {
          "type": "minecraft:block_predicate_filter",
          "predicate": {
            "type": "minecraft:all_of",
            "predicates": [
              {
                "type": "minecraft:has_sturdy_face",
                "offset": [
                  0,
                  1,
                  0
                ],
                "direction": "down"
              },
              {
                "type": "minecraft:matching_blocks",
                "blocks": "minecraft:air"
              }
            ]
          }
        }
      ]
    }
  }
}
